commodity,market,observations,avg_price,std_dev,cv_pct
Edible Oil,Khulna,36,174.0,17.2,9.9
Edible Oil,Barishal,22,173.01,12.9,7.5
Edible Oil,Chattogram,56,172.19,21.06,12.2
Edible Oil,Sylhet,40,171.19,20.41,11.9
Edible Oil,Karwan Bazar (Dhaka),72,169.52,18.77,11.1
Edible Oil,Rajshahi,53,166.79,17.67,10.6
Garlic,Rajshahi,37,162.62,24.24,14.9
Garlic,Barishal,27,160.79,18.26,11.4
Garlic,Khulna,45,156.88,19.18,12.2
Garlic,Karwan Bazar (Dhaka),76,156.45,22.43,14.3
Garlic,Chattogram,51,155.94,19.85,12.7
Garlic,Sylhet,28,154.54,21.08,13.6
Lentil,Chattogram,67,124.45,11.73,9.4
Lentil,Sylhet,35,123.48,12.67,10.3
Lentil,Rajshahi,53,123.05,12.22,9.9
Lentil,Barishal,29,120.29,13.18,11.0
Lentil,Karwan Bazar (Dhaka),74,120.28,11.74,9.8
Lentil,Khulna,54,119.85,12.86,10.7
Onion,Chattogram,66,87.77,14.57,16.6
Onion,Sylhet,33,86.53,14.45,16.7
Onion,Rajshahi,58,86.11,14.9,17.3
Onion,Barishal,32,85.34,17.81,20.9
Onion,Karwan Bazar (Dhaka),78,84.92,16.18,19.1
Onion,Khulna,44,84.35,15.87,18.8
Potato,Khulna,47,31.88,4.34,13.6
Potato,Barishal,29,31.74,4.49,14.1
Potato,Karwan Bazar (Dhaka),87,31.46,4.07,12.9
Potato,Chattogram,68,31.23,4.17,13.4
Potato,Rajshahi,56,31.18,4.21,13.5
Potato,Sylhet,35,30.5,4.35,14.3
Rice,Karwan Bazar (Dhaka),107,68.41,8.08,11.8
Rice,Khulna,64,68.35,7.21,10.5
Rice,Chattogram,91,68.13,7.23,10.6
Rice,Sylhet,48,68.09,6.4,9.4
Rice,Barishal,38,67.31,7.39,11.0
Rice,Rajshahi,64,66.93,6.98,10.4
